id,created_at,rsm_file_name,rsm_row,rsm_column,first_field,encode2,angularjs_id
1,2019-07-22 19:50:13,test,1,1,11078,,
2,2019-07-22 19:51:00,test,1,1,11078,,
3,2019-07-22 19:51:00,test,1,1,11078,,
4,2019-07-22 19:51:00,test,1,18,11078,,
5,2019-07-22 19:51:00,test,1,18,11078,,
6,2019-07-22 19:51:00,test,2,1,14202,,
7,2019-07-22 19:51:00,test,2,1,14202,,
8,2019-07-22 19:51:00,test,2,1,14202,,
9,2019-07-22 19:51:00,test,2,18,14202,,
10,2019-07-22 19:51:00,test,2,18,14202,,
11,2019-07-22 19:51:00,test,2,18,14202,,
12,2019-07-22 19:51:00,test,3,1,15977,,
13,2019-07-22 19:51:00,test,3,1,15977,,
14,2019-07-22 19:51:00,test,3,18,15977,,
15,2019-07-22 19:51:00,test,3,18,15977,,
16,2019-07-22 19:51:00,test,4,1,23890,,
17,2019-07-22 19:51:00,test,4,1,23890,,
18,2019-07-22 19:51:00,test,4,2,23890,,
19,2019-07-22 19:51:00,test,4,2,23890,,
20,2019-07-22 19:51:00,test,4,10,23890,,
21,2019-07-22 19:51:00,test,4,10,23890,,
22,2019-07-22 19:51:00,test,4,18,23890,,
23,2019-07-22 19:51:00,test,4,18,23890,,
24,2019-07-22 19:51:00,test,5,1,58050,,
25,2019-07-22 19:51:00,test,5,1,58050,,
26,2019-07-22 19:51:00,test,5,18,58050,,
27,2019-07-22 19:51:00,test,5,18,58050,,
28,2019-07-22 19:51:00,test,6,1,50225,,
29,2019-07-22 19:51:00,test,6,1,50225,,
30,2019-07-22 19:51:00,test,6,18,50225,,
31,2019-07-22 19:51:00,test,6,18,50225,,
32,2019-07-22 19:51:00,test,7,1,11078,,
33,2019-07-22 19:51:00,test,7,1,11078,,
34,2019-07-22 19:51:00,test,7,18,11078,,
35,2019-07-22 19:51:00,test,7,18,11078,,
36,2019-07-22 19:51:00,test,8,1,14202,,
37,2019-07-22 19:51:00,test,8,1,14202,,
38,2019-07-22 19:51:00,test,8,1,14202,,
39,2019-07-22 19:51:00,test,8,18,14202,,
40,2019-07-22 19:51:00,test,8,18,14202,,
41,2019-07-22 19:51:00,test,8,18,14202,,
42,2019-07-22 19:51:00,test,9,1,15977,,
43,2019-07-22 19:51:00,test,9,1,15977,,
44,2019-07-22 19:51:00,test,9,18,15977,,
45,2019-07-22 19:51:00,test,9,18,15977,,
46,2019-07-22 19:51:00,test,10,1,23890,,
47,2019-07-22 19:51:00,test,10,1,23890,,
48,2019-07-22 19:51:00,test,10,2,23890,,
49,2019-07-22 19:51:00,test,10,2,23890,,
50,2019-07-22 19:51:00,test,10,10,23890,,
51,2019-07-22 19:51:00,test,10,10,23890,,
52,2019-07-22 19:51:00,test,10,18,23890,,
53,2019-07-22 19:51:00,test,10,18,23890,,
54,2019-07-22 19:51:00,test,11,1,58050,,
55,2019-07-22 19:51:01,test,11,1,58050,,
56,2019-07-22 19:51:01,test,11,18,58050,,
57,2019-07-22 19:51:01,test,11,18,58050,,
58,2019-07-22 19:51:01,test,12,1,50225,,
59,2019-07-22 19:51:01,test,12,1,50225,,
60,2019-07-22 19:51:01,test,12,18,50225,,
61,2019-07-22 19:51:01,test,12,18,50225,,
62,2019-07-22 19:51:01,test,13,1,11078,,
63,2019-07-22 19:51:01,test,13,1,11078,,
64,2019-07-22 19:51:01,test,13,18,11078,,
65,2019-07-22 19:51:01,test,13,18,11078,,
66,2019-07-22 19:51:01,test,14,1,14202,,
67,2019-07-22 19:51:01,test,14,1,14202,,
68,2019-07-22 19:51:01,test,14,1,14202,,
69,2019-07-22 19:51:01,test,14,18,14202,,
70,2019-07-22 19:51:01,test,14,18,14202,,
71,2019-07-22 19:51:01,test,14,18,14202,,
72,2019-07-22 19:51:01,test,15,1,15977,,
73,2019-07-22 19:51:01,test,15,1,15977,,
74,2019-07-22 19:51:01,test,15,18,15977,,
75,2019-07-22 19:51:01,test,15,18,15977,,
76,2019-07-22 19:51:01,test,16,1,23890,,
77,2019-07-22 19:51:01,test,16,1,23890,,
78,2019-07-22 19:51:01,test,16,2,23890,,
79,2019-07-22 19:51:01,test,16,2,23890,,
80,2019-07-22 19:51:01,test,16,10,23890,,
81,2019-07-22 19:51:01,test,16,10,23890,,
82,2019-07-22 19:51:01,test,16,18,23890,,
83,2019-07-22 19:51:01,test,16,18,23890,,
84,2019-07-22 19:51:01,test,17,1,58050,,
85,2019-07-22 19:51:01,test,17,1,58050,,
86,2019-07-22 19:51:01,test,17,18,58050,,
87,2019-07-22 19:51:01,test,17,18,58050,,
88,2019-07-22 19:51:01,test,18,1,50225,,
89,2019-07-22 19:51:01,test,18,1,50225,,
90,2019-07-22 19:51:01,test,18,18,50225,,
91,2019-07-22 19:51:01,test,18,18,50225,,
92,2019-07-22 19:51:01,test,19,1,11078,,
93,2019-07-22 19:51:01,test,19,1,11078,,
94,2019-07-22 19:51:01,test,19,18,11078,,
95,2019-07-22 19:51:01,test,19,18,11078,,
96,2019-07-22 19:51:01,test,20,1,14202,,
97,2019-07-22 19:51:01,test,20,1,14202,,
98,2019-07-22 19:51:01,test,20,1,14202,,
99,2019-07-22 19:51:01,test,20,18,14202,,
100,2019-07-22 19:51:01,test,20,18,14202,,
